risk_rank,Order Id,risk_score
1,73312,0.9993170077650554
2,73313,0.9993169974345976
3,73457,0.9993169974345976
4,73226,0.9993169767731703
5,73245,0.9993169664422442
6,75946,0.9993169561111187
7,73232,0.9993169403895582
8,73431,0.9993169354484424
9,75950,0.9993169354484424
10,73360,0.9993169300580823
11,73989,0.999316401146462
12,74011,0.9993162752618113
13,76350,0.9993160193750085
14,76440,0.9993160193750085
15,76476,0.9993160193750085
16,76801,0.9993159833903067
17,76805,0.9993158943197973
18,76218,0.999315733244056
19,76506,0.999315733244056
20,76311,0.9993156796937598
21,74165,0.9993148975615247
22,75645,0.9993146010457442
23,73026,0.9993142967356995
24,73063,0.9993142584056951
25,73064,0.9993142205246262
26,75529,0.9993139160459218
27,73071,0.9993138397922218
28,72946,0.9993138018880442
29,72948,0.9993137256216655
30,72986,0.9993136493468158
31,76096,0.999312392404384
32,75953,0.9993123666296039
33,76063,0.9993123508024805
34,74297,0.9993123015100103
35,74290,0.9993119330558785
36,76172,0.9993119235536732
37,74329,0.9993119122413552
38,73388,0.9993118869010692
39,76051,0.9993118869010692
40,74317,0.9993118715154452
41,73408,0.9993118683477892
42,75947,0.999311860654813
43,73231,0.9993118556769767
44,73286,0.9993118502465139
45,73990,0.9993116594812299
46,76529,0.9993114353768731
47,76351,0.9993113090313966
48,76352,0.999311291368204
49,76479,0.9993112732518913
50,76264,0.9993112551349295
51,76403,0.9993110125436548
52,76510,0.9993109851368528
53,75013,0.999310924543263
54,76530,0.9993109223733194
55,76441,0.9993108861206458
56,76477,0.9993108861206458
57,76338,0.9993107782575196
58,76806,0.9993107782575196
59,71634,0.9993107754418846
60,76492,0.9993105620273423
61,74182,0.9993102425500708
62,71695,0.999310179169354
63,73703,0.9993101437849445
64,74185,0.9993097386448229
65,75574,0.999309725713648
66,74168,0.9993097118627309
67,73939,0.9993094584201886
68,76987,0.9993093603255158
69,73887,0.9993092622176128
70,75611,0.9993092250651023
71,72945,0.9993091507947496
72,75561,0.9993090333397527
73,73066,0.9993089951702455
74,73362,0.9993089187085694
75,72923,0.9993089183700015
76,74272,0.9993089073468843
77,72388,0.9993088769159988
78,73458,0.9993088764421424
79,76901,0.9993088700988755
80,75985,0.9993088241736251
81,75951,0.9993088137194738
82,75587,0.9993086497295096
83,72600,0.9993086168981485
84,72912,0.9993086115388263
85,76903,0.9993085755231961
86,73713,0.9993083795238142
87,73714,0.9993082321475388
88,74661,0.9993078467273477
89,76678,0.9993078016445152
90,73537,0.9993077656829175
91,75472,0.9993075494388353
92,72131,0.9993075116425479
93,72203,0.9993075116425479
94,73361,0.9993072683933621
95,76187,0.999307242426643
96,76188,0.9993072319485407
97,72660,0.9993071932527312
98,73412,0.9993071476625545
99,73324,0.9993071371830633
100,73432,0.9993071371830633
101,64277,0.9993069493496443
102,72276,0.9993068441776733
103,75350,0.9993068368842394
104,74595,0.9993068099898088
105,74111,0.9993067570892437
106,75351,0.9993067183575798
107,74579,0.9993065792910603
108,75260,0.9993065770116079
109,75855,0.9993063252523543
110,74001,0.9993063170120065
111,72189,0.9993063097426388
112,74002,0.999306302870512
113,75081,0.9993061643028534
114,76478,0.9993061591580227
115,76335,0.9993061409068023
116,75427,0.9993061240529599
117,75559,0.9993061103441584
118,75082,0.9993060894699541
119,69366,0.9993060841938021
120,69367,0.9993060791741659
121,75560,0.9993060720132946
122,76596,0.999305923222755
123,76597,0.9993059049651589
124,76742,0.9993058867072567
125,75339,0.9993058858233451
126,76599,0.9993058689052658
127,76600,0.9993058506462413
128,75376,0.9993057671341727
129,72925,0.9993057639192524
130,72617,0.9993056479690515
131,73169,0.9993055771895876
132,71635,0.9993055640438359
133,75087,0.9993055640438359
134,76948,0.9993054295477061
135,68922,0.9993053920582494
136,68905,0.9993053778979114
137,73170,0.9993052775564404
138,69037,0.9993052431316066
139,69112,0.9993052074941795
140,69114,0.9993051791656082
141,74167,0.9993050216409232
142,73023,0.9993047748039235
143,73849,0.9993047395026645
144,72366,0.9993047331017216
145,64739,0.999304665853815
146,72361,0.99930456952591
147,76988,0.9993045419602424
148,73884,0.9993045097109344
149,75702,0.9993044661341655
150,75703,0.9993044272550247
151,75704,0.999304388831251
152,75772,0.9993043787959923
153,63807,0.9993043658717218
154,64386,0.9993043237404355
155,72921,0.9993043115194011
156,75331,0.9993043061556407
157,69215,0.9993042898857732
158,75616,0.9993042730892386
159,69216,0.9993042358980142
160,69234,0.9993042358980142
161,72202,0.9993041674235731
162,72424,0.9993041540274473
163,75336,0.9993040579263288
164,75548,0.9993040218670801
165,75549,0.9993040026442692
166,73802,0.9993038505764683
167,73928,0.9993038505764683
168,74271,0.9993037624198907
169,75335,0.999303726726019
170,73459,0.9993037157173859
171,74206,0.9993037106806719
172,73390,0.9993036919070938
173,73283,0.9993036896175889
174,73409,0.9993036896175889
175,75984,0.9993036790858306
176,76003,0.9993036735908875
177,73305,0.9993036685538691
178,76940,0.9993036532386304
179,75811,0.9993036286370109
180,76941,0.9993035048559408
181,75319,0.9993034372889033
182,65794,0.9993034251190344
183,72409,0.999303292524908
184,74025,0.999303123881588
185,71684,0.9993030380822681
186,72485,0.9993029543199059
187,76997,0.9993029286500893
188,75906,0.9993028776682276
189,76583,0.9993028259413138
190,76494,0.999302734700315
191,76800,0.999302734700315
192,76855,0.9993027310517919
193,73661,0.9993026617906245
194,76570,0.9993026434472961
195,72638,0.9993026287923261
196,73131,0.9993025773301704
197,74662,0.9993025728411805
198,73629,0.9993025521825183
199,76983,0.9993025329384153
200,65463,0.9993025303387011
201,76593,0.999302497601225
202,76252,0.9993024705383773
203,76595,0.9993024613644349
204,65382,0.9993024491083713
205,75457,0.9993023395926074
206,72659,0.999302270076883
207,63241,0.9993021797441373
208,62281,0.9993019186767692
209,74594,0.9993018767467586
210,76186,0.999301842663625
211,76097,0.9993018164936672
212,64279,0.9993018071620791
213,73363,0.9993018059335536
214,76170,0.9993018059335536
215,76171,0.999301800423883
216,73383,0.9993017953733242
217,76082,0.9993017953733242
218,76173,0.9993017898635265
219,74274,0.9993017894044112
220,74275,0.9993017838946101
221,76138,0.9993017793030542
222,76174,0.9993017793030542
223,73404,0.9993017737931735
224,74294,0.9993017737931735
225,74330,0.9993017737931735
226,73405,0.9993017632324146
227,73244,0.9993017581815871
228,74332,0.9993017581815871
229,75979,0.9993017581815871
230,73389,0.9993017476206358
231,74334,0.9993017476206358
232,75980,0.9993017476206358
233,75460,0.9993017415369839
234,73282,0.9993017393554017
235,75981,0.9993017393554017
236,76035,0.9993017393554017
237,74318,0.9993017375186747
238,75964,0.9993017370594811
239,74803,0.9993017347762739
240,73284,0.9993017315492676
241,75965,0.9993017315492676
242,76037,0.9993017315492676
243,75948,0.9993017264982108
244,76092,0.9993017264982108
245,73233,0.999301715936737
246,68475,0.9993017061447697
247,68752,0.9993016937904937
248,67686,0.9993016464456316
249,74074,0.9993016182104806
250,65086,0.9993016045622107
251,74183,0.9993015911135369
252,72699,0.9993015520934502
253,75462,0.9993015018037642
254,73830,0.9993014513813048
255,65131,0.9993014075987842
256,75352,0.9993013127551419
257,72206,0.9993012750779122
258,73885,0.9993012533645443
259,76896,0.9993012533645443
260,72420,0.9993012469315288
261,75313,0.9993012469315288
262,65619,0.9993010915043736
263,76898,0.9993010548323086
264,66542,0.9993009957170789
265,75558,0.9993009786262945
266,75355,0.9993009533632309
267,69363,0.9993009260794101
268,69365,0.9993009182641903
269,69368,0.9993009026334883
270,72884,0.999300900936043
271,69369,0.99930089757644
272,76439,0.9993008709630236
273,76637,0.9993008709630236
274,72423,0.9993008590014563
275,75446,0.9993008333717047
276,75464,0.9993008333717047
277,71671,0.9993008185321378
278,76404,0.9993007794663507
279,76711,0.9993007426804278
280,75300,0.9993007363520107
281,73624,0.9993007247464242
282,76442,0.9993007247464242
283,76604,0.9993007247464242
284,73625,0.9993007063523538
285,76804,0.999300687957624
286,75528,0.9993006682724441
287,72616,0.9993005937865844
288,75691,0.9993005905477237
289,68925,0.999300588342113
290,73522,0.9993005784995296
291,68909,0.9993005455665586
292,72926,0.9993005321331486
293,73488,0.9993005145641827
294,73525,0.9993005053645331
295,68912,0.9993004880684347
296,75550,0.9993004741741613
297,75431,0.9993004737340793
298,76417,0.9993004685640242
299,76453,0.9993004685640242
300,76562,0.9993004501632197
301,72947,0.999300435071682
302,76527,0.9993004322218948
303,76528,0.9993004138199592
304,76636,0.9993004138199592
305,73081,0.9993003796604699
306,72141,0.9993003566563358
307,65566,0.9993003155791643
308,74170,0.999300204004441
309,69139,0.999300201651808
310,72338,0.9993001967503892
311,72196,0.999300154646911
312,68926,0.9993001303184349
313,69088,0.9993001303184349
314,72447,0.9993000829562633
315,74189,0.9993000682352079
316,73876,0.9993000125314572
317,75786,0.999299950042922
318,72339,0.9992999270246716
319,74140,0.9992998776533093
320,61760,0.999299855221426
321,71382,0.9992998047561572
322,72745,0.9992998021349393
323,63756,0.9992997147323192
324,72218,0.9992996822998579
325,74073,0.9992996736641827
326,74184,0.9992996055011074
327,72746,0.9992995621973948
328,72367,0.999299454856666
329,72747,0.9992994419672423
330,63934,0.9992993716138551
331,76844,0.999299359489193
332,74335,0.9992993572151418
333,71531,0.9992993506024284
334,75663,0.9992993295571673
335,62269,0.9992991387225766
336,75556,0.9992991350874113
337,72273,0.9992991172226311
338,72363,0.9992991172226311
339,75557,0.9992990571920582
340,61808,0.9992990488878077
341,69217,0.9992990239513498
342,72954,0.9992990184714956
343,73008,0.9992990184714956
344,75666,0.9992990184714956
345,72130,0.9992989821634786
346,75239,0.9992989821634786
347,72955,0.9992989792880536
348,75613,0.9992989792880536
349,72956,0.9992989405635425
350,73028,0.9992989405635425
351,75614,0.9992989405635425
352,66604,0.9992988980919179
353,69238,0.9992988879533323
354,75318,0.9992988718508465
355,75615,0.9992988626465846
356,75705,0.9992988626465846
357,75421,0.9992988414294294
358,69240,0.9992988330854826
359,72940,0.9992988239156348
360,75706,0.9992988239156348
361,67559,0.9992987887213837
362,63836,0.9992987493421704
363,72924,0.9992987072479801
364,73712,0.9992986629569246
365,72626,0.9992986007012142
366,74577,0.9992985734874472
367,72944,0.9992985707271989
368,75530,0.9992985707271989
369,75831,0.9992985678452666
370,73073,0.9992984733937492
371,61788,0.9992984587573817
372,75588,0.9992984346413123
373,65953,0.9992984266902085
374,75589,0.999298395425258
375,75644,0.9992983566681647
376,74776,0.99929833591626
377,64409,0.9992981140558813
378,76980,0.9992980654439501
379,75444,0.9992979994427512
380,73145,0.9992979857102432
381,75868,0.9992979857102432
382,63542,0.9992979462962839
383,65345,0.9992978349819805
384,66409,0.9992978088040416
385,66908,0.9992977586062691
386,74331,0.9992977012589698
387,73243,0.999297695716931
388,76050,0.999297695716931
389,76034,0.9992976800142712
390,73287,0.9992976481459303
391,75084,0.9992976167374447
392,63738,0.9992975933550143
393,74663,0.9992975732108685
394,62806,0.999297526447619
395,65954,0.999297496638216
396,64950,0.9992974963951204
397,63494,0.9992974055211108
398,72797,0.9992973976692359
399,71616,0.999297388988043
400,67742,0.9992973659242689
401,75838,0.9992973260493607
402,72008,0.9992973159035534
403,74997,0.999297312747521
404,72337,0.9992972548861813
405,67899,0.9992972458280166
406,71672,0.9992971611655475
407,72661,0.9992971407213179
408,75349,0.9992971407213179
409,62630,0.9992970544860591
410,73326,0.9992970453906486
411,73403,0.999297007946069
412,76194,0.9992969917656863
413,73406,0.9992969866803677
414,67662,0.9992969836509752
415,73353,0.9992969760472982
416,73410,0.9992969598661818
417,64870,0.9992968806546358
418,72028,0.9992968236073829
419,74019,0.9992968112011884
420,73567,0.9992967982533625
421,72663,0.9992967791848991
422,66498,0.9992966494744359
423,75215,0.9992966455358324
424,74729,0.9992966302929709
425,73628,0.9992965591371437
426,76807,0.9992965221293456
427,73523,0.9992964670764809
428,63709,0.9992964510853023
429,73524,0.9992964397798159
430,74820,0.9992964170294556
431,74946,0.9992964170294556
432,76794,0.9992964120194873
433,76508,0.9992963750039552
434,73602,0.9992963384491298
435,76402,0.9992963384491298
436,73991,0.9992962933440501
437,66993,0.9992962389009373
438,64633,0.9992962017872938
439,69362,0.9992961567644477
440,73193,0.9992961134264682
441,69213,0.9992960780851156
442,75080,0.9992960277974354
443,62669,0.9992960212640591
444,76602,0.9992960012817004
445,73832,0.9992959464059616
446,72421,0.9992959422392248
447,75332,0.9992959422392248
448,68055,0.9992959034529912
449,73627,0.9992958725690713
450,76536,0.9992958540474568
451,62892,0.999295843051388
452,74086,0.9992957991612946
453,67970,0.9992957934048075
454,75315,0.9992957468298118
455,74430,0.999295744415502
456,76219,0.9992956882562928
457,76598,0.9992956697298334
458,67869,0.9992956600787735
459,76509,0.9992956516659915
460,75316,0.9992956491047779
461,71632,0.9992956471620787
462,75012,0.9992956471620787
463,74164,0.9992955800879858
464,71597,0.9992955711956644
465,71633,0.9992955711956644
466,68550,0.9992955527567493
467,73853,0.9992955467341281
468,68921,0.9992954482475971
469,75014,0.9992954187744879
470,75086,0.9992954187744879
471,63211,0.9992953979166564
472,71798,0.9992953441861284
473,71852,0.9992953441861284
474,73080,0.999295317742404
475,73134,0.999295317742404
476,70948,0.9992953078788143
477,68911,0.9992952828243904
478,69003,0.9992952610431357
479,72987,0.9992952478745257
480,69004,0.9992952466764116
481,73801,0.9992952464830158
482,74190,0.9992952300441281
483,62399,0.9992952212198402
484,69133,0.9992952035743954
485,72744,0.999295188549592
486,70878,0.999295073354779
487,70914,0.999295073354779
488,75072,0.9992950378100625
489,65092,0.9992950353368609
490,65565,0.9992949956573688
491,70915,0.9992949560638669
492,71023,0.9992949560638669
493,73731,0.999294946568121
494,75612,0.9992949349779355
495,65088,0.9992948991296763
496,64809,0.9992948843836784
497,72393,0.99929486728069
498,73732,0.9992947963314593
499,73065,0.9992947782459234
500,73829,0.9992947730534815
501,73883,0.9992947730534815
502,72448,0.9992947698972034
503,75905,0.9992947466100411
504,73967,0.9992947462452236
505,72886,0.9992947392895101
506,74169,0.9992947372148827
507,72216,0.9992947354699389
508,61789,0.9992946617790065
509,72799,0.9992945843682053
510,61791,0.9992945804158642
511,62136,0.9992945722067659
512,73156,0.9992945582818115
513,71383,0.9992945104645916
514,75531,0.9992944651411512
515,73072,0.999294426167454
516,71999,0.9992943564859537
517,63033,0.9992943462105672
518,73917,0.9992943458918633
519,73024,0.9992943456736887
520,73812,0.9992942724791738
521,73025,0.9992942672464079
522,75485,0.9992942672464079
523,70183,0.9992942625835196
524,75329,0.999294261341419
525,74393,0.9992942019165714
526,72919,0.999294188810416
527,64941,0.9992941856374719
528,74864,0.9992941841809247
529,63389,0.9992941815055986
530,72920,0.9992941498214652
531,63818,0.9992941363830206
532,64908,0.9992941300272653
533,71387,0.9992941294733204
534,64190,0.9992941104830991
535,71784,0.9992941091135567
536,72748,0.9992941003722571
537,73831,0.9992940724288562
538,72767,0.9992939796692655
539,71389,0.9992939767411212
540,76826,0.9992938718577699
541,71785,0.9992938621193147
542,63139,0.9992938420858656
543,65244,0.9992937573334015
544,72750,0.9992937372730456
545,72892,0.9992937189413089
546,62894,0.9992936747032509
547,76900,0.9992935713583031
548,61959,0.9992935549726183
549,73235,0.9992935471810853
550,73289,0.9992935471810853
551,73290,0.9992935207003968
552,74270,0.9992935193066163
553,74273,0.9992935035105986
554,73460,0.9992934616959442
555,61807,0.999293439431246
556,74893,0.9992934380127266
557,75983,0.9992934347474042
558,61864,0.9992934248118028
559,73288,0.9992934133736893
560,74775,0.9992933219624242
561,76902,0.9992932702658442
562,74380,0.999293206575396
563,72277,0.9992931090714983
564,72610,0.9992930109807017
565,73911,0.9992929695105456
566,70276,0.9992929358825654
567,67408,0.9992929188225028
568,74653,0.9992928766068446
569,75280,0.9992928366151972
570,66605,0.9992928088114063
571,66946,0.9992927699191841
572,73715,0.9992927686263156
573,73823,0.9992927686263156
574,74761,0.9992926829307295
575,69337,0.999292680183868
576,74342,0.9992926796744517
577,75445,0.9992926473215326
578,69306,0.999292643437269
579,72601,0.999292606295695
580,72486,0.9992925960615322
581,69387,0.9992925908723548
582,64195,0.9992925907073134
583,74018,0.9992925844118739
584,76908,0.9992925676843426
585,76349,0.9992925639429426
586,76493,0.9992925639429426
587,67429,0.9992925023816551
588,76603,0.9992924341371782
589,76802,0.9992924159902344
590,76443,0.9992923973777612
591,76497,0.9992923973777612
592,76749,0.9992923973777612
593,73590,0.999292378764621
594,76856,0.9992923671511096
595,72782,0.999292363894091
596,73591,0.9992923420023299
597,76751,0.9992923420023299
598,65306,0.9992923017370802
599,76322,0.9992922680068717
600,76592,0.9992922680068717
601,63413,0.9992922349073607
602,76557,0.999292230773301
603,76558,0.9992922033123861
604,62629,0.9992921411888246
605,74402,0.9992921269777539
606,72766,0.9992921209435239
607,76743,0.9992921199924043
608,76312,0.9992921013719727
609,72185,0.9992920823056939
610,72275,0.9992920823056939
611,75204,0.9992920823056939
612,71954,0.9992920796229307
613,72026,0.9992920796229307
614,74627,0.999292071598677
615,70953,0.9992920608385606
616,62890,0.9992920519258044
617,61924,0.9992920295807942
618,72551,0.9992919999023063
619,76601,0.9992919928820205
620,74188,0.9992918890652034
621,75303,0.9992918817250206
622,74350,0.9992918751080958
623,69087,0.9992918433772723
624,69105,0.9992918433772723
625,74171,0.9992917516839108
626,64619,0.9992917284533901
627,74611,0.999291718635397
628,65433,0.9992915956963945
629,75137,0.9992915224042451
630,74897,0.9992915057393842
631,65650,0.9992914655271805
632,64118,0.9992914399917858
633,66813,0.9992914177745272
634,72240,0.9992913999795762
635,75295,0.9992913999795762
636,72698,0.9992913925237525
637,74092,0.9992913384476179
638,63889,0.9992913324978366
639,75788,0.999291326442286
640,63893,0.9992913065594128
641,74898,0.9992912904581097
642,74112,0.9992912834555283
643,71850,0.9992912740376076
644,75459,0.9992912713580745
645,66328,0.9992912241909322
646,66178,0.9992912100614796
647,65337,0.9992911887574681
648,74578,0.9992911883944992
649,74748,0.9992911740553292
650,72205,0.9992911268650086
651,62633,0.9992911080704039
652,64030,0.9992910737169207
653,75478,0.999291028499349
654,75789,0.9992910211297752
655,75933,0.9992910211297752
656,75011,0.9992909873418653
657,70854,0.9992909638782916
658,70944,0.9992909638782916
659,69723,0.9992909504848534
660,70267,0.9992909402267521
661,64735,0.9992909075546056
662,74935,0.999290860166233
663,75353,0.9992908461836771
664,75461,0.9992908461836771
665,73042,0.9992908074563717
666,75646,0.9992908074563717
667,70891,0.9992907871423574
668,71615,0.9992907574451013
669,69406,0.999290738753753
670,73043,0.9992907286361281
671,74166,0.9992907113616967
672,63414,0.9992906956214493
673,72595,0.9992906638211602
674,69379,0.9992906547948794
675,73027,0.9992906498071299
676,69218,0.9992906399589281
677,69346,0.9992906333371749
678,69364,0.9992906333371749
679,69402,0.9992906230745321
680,69403,0.9992906179431329
681,69404,0.9992906123452365
682,70053,0.9992906072253531
683,69405,0.9992906072138046
684,63295,0.9992905470439241
685,72885,0.9992905317807189
686,71070,0.9992905284828768
687,75210,0.9992904436179346
688,70378,0.9992904406674721
689,72941,0.9992904137346843
690,71502,0.9992903804428033
691,67087,0.9992903334353948
692,75301,0.9992903064228444
693,72562,0.9992902989555227
694,72943,0.9992902956690217
695,71130,0.9992902562046109
696,75692,0.9992902363952307
697,75610,0.9992902349785745
698,74883,0.9992902144710442
699,75586,0.9992901775837286
700,70929,0.9992901747507672
701,72364,0.9992901501553872
702,71657,0.999290143865882
703,73133,0.9992901047817953
704,65245,0.9992900382970185
705,75302,0.9992900328878029
706,71871,0.99929003183765
707,74884,0.9992899987962677
708,69135,0.9992899738950266
709,63293,0.9992899419728113
710,64504,0.9992899033295722
711,69724,0.999289895928293
712,69140,0.9992898721006512
713,62961,0.999289868098825
714,73886,0.999289859280595
715,68908,0.999289828670254
716,69089,0.9992898141927756
717,69143,0.9992898141927756
718,73206,0.9992897984772781
719,69036,0.999289785237113
720,69145,0.9992897632859715
721,63168,0.9992897343282346
722,69130,0.999289726855073
723,69113,0.99928971237561
724,63368,0.999289706476031
725,69186,0.9992896978957626
726,69169,0.9992896834157098
727,72891,0.9992896438376803
728,63891,0.9992896365726621
729,71781,0.9992895958703067
730,74777,0.9992895677207134
731,66040,0.9992895560383527
732,62221,0.9992895350873896
733,73128,0.9992894911970994
734,69545,0.99928947366667
735,69581,0.99928947366667
736,73763,0.9992894561557252
737,76931,0.9992894498600753
738,72358,0.9992894172797114
739,67391,0.999289396657767
740,64900,0.999289393357341
741,76081,0.9992893888476816
742,71548,0.9992893825192731
743,74276,0.9992893617439067
744,72359,0.9992893485863341
745,73129,0.99928933792908
746,74225,0.9992893379104097
747,62373,0.999289325959333
748,73285,0.999289313608801
749,75126,0.9992892853788861
750,76932,0.9992892484436772
751,66177,0.9992892448685122
752,68695,0.9992892376571726
753,72007,0.9992892153792585
754,72144,0.9992892116475388
755,72360,0.9992892116475388
756,74400,0.9992891621918523
757,63210,0.9992891320562467
758,64753,0.9992891320309193
759,71801,0.9992890981679502
760,75089,0.9992890981679502
761,63945,0.9992890796610142
762,72181,0.9992890746823748
763,63289,0.9992890525826709
764,69583,0.9992890511555499
765,69619,0.9992890511555499
766,69889,0.9992890511555499
767,75926,0.9992890317619084
768,74428,0.9992890078264933
769,75333,0.9992889459780733
770,62343,0.9992889417570366
771,72362,0.9992889376908369
772,75255,0.9992889376908369
773,71258,0.9992888959217932
774,62202,0.9992888609065603
775,71748,0.999288848953494
776,72387,0.999288847309997
777,75202,0.9992888006729205
778,75256,0.9992888006729205
779,63078,0.9992887282090737
780,63817,0.9992887062374516
781,67678,0.9992887030462745
782,74429,0.9992886739182119
783,72484,0.9992886726071867
784,75317,0.9992886499328065
785,76942,0.999288648750862
786,70490,0.99928860534083
787,72425,0.9992885516919903
788,69239,0.9992885263924651
789,63737,0.9992885230833115
790,74944,0.9992884891185643
791,63829,0.9992884886065774
792,62415,0.9992884525575259
793,69585,0.9992884169166558
794,63417,0.9992883878911863
795,65019,0.9992883870911905
796,74024,0.9992883834477392
797,71858,0.9992883507296546
798,75092,0.9992883507296546
799,64281,0.9992883472667329
800,66948,0.9992882680666978
801,76750,0.9992882566197012
802,66180,0.9992882430183566
803,63138,0.9992882090353746
804,69460,0.9992882049100126
805,69694,0.9992882049100126
806,69964,0.9992882049100126
807,64905,0.9992881557569074
808,76556,0.9992881452172082
809,67283,0.9992881013729279
810,67953,0.9992880608262582
811,67618,0.9992880603590615
812,72429,0.999288057941348
813,71333,0.9992880321690539
814,75155,0.9992879700408756
815,67155,0.9992879178433106
816,65594,0.9992878812222896
817,75130,0.999287852155586
818,67698,0.9992878467874833
819,68509,0.9992878416231267
820,70185,0.9992878341959671
821,70275,0.9992878341959671
822,73162,0.9992878061499366
823,75759,0.9992878061499366
824,69695,0.9992877816435464
825,69803,0.9992877816435464
826,69911,0.9992877816435464
827,72030,0.9992877204297956
828,72102,0.9992877204297956
829,75922,0.9992876525172608
830,68442,0.9992875957617404
831,71719,0.999287585976276
832,69570,0.9992875699167145
833,62251,0.9992875615533395
834,64939,0.9992875222813592
835,75869,0.999287498852892
836,65795,0.9992874853938717
837,66342,0.9992874455630338
838,69991,0.9992874348484231
839,74975,0.9992874322975632
840,75083,0.9992874322975632
841,73828,0.9992874303138871
842,76947,0.9992874303138871
843,68409,0.9992874172613729
844,68173,0.9992873777597019
845,62928,0.9992873521127819
846,75870,0.9992873451553987
847,65090,0.999287340830918
848,70116,0.9992873319808285
849,67909,0.9992872911873565
850,75259,0.9992872721369528
851,67616,0.9992872693245742
852,71738,0.9992872420295436
853,75085,0.9992872012489012
854,74343,0.9992871970325203
855,73130,0.9992871918939753
856,75871,0.9992871918939753
857,75907,0.9992871918939753
858,71174,0.9992871673664591
859,75477,0.9992871427667203
860,74664,0.999287115824669
861,62801,0.9992871083802009
862,74894,0.9992870921369451
863,74596,0.9992870593201979
864,74614,0.9992870593201979
865,63250,0.9992870528464448
866,73203,0.9992870381303136
867,62209,0.9992869963377179
868,71996,0.9992869715439874
869,65360,0.9992869238969421
870,75442,0.9992868984942678
871,74383,0.9992868341544552
872,70424,0.9992868298812179
873,69734,0.9992868283752364
874,75088,0.9992868158444661
875,68385,0.9992867691440598
876,65339,0.9992867675654763
877,66589,0.9992867502310963
878,69447,0.9992867223773894
879,66144,0.9992867065538581
880,71637,0.9992866999948695
881,75354,0.9992866536686209
882,66445,0.9992865745993101
883,75458,0.9992865502384066
884,71434,0.9992864367484819
885,73811,0.9992863936300518
886,74404,0.9992863312345968
887,69629,0.9992862982299654
888,75429,0.9992862867417297
889,72241,0.9992862827655742
890,71031,0.9992862742644045
891,63175,0.9992862695886583
892,64342,0.9992862334120489
893,74933,0.9992862261933462
894,62954,0.999286219755807
895,62083,0.9992861987051718
896,74857,0.9992861768169738
897,62364,0.9992861084910557
898,64584,0.9992860952050471
899,65307,0.9992860915254463
900,66069,0.9992860466138571
901,64600,0.9992860298891321
902,74934,0.9992860093089885
903,75551,0.9992860027167044
904,73205,0.9992859693995836
905,63883,0.9992859644477005
906,68631,0.9992859555895782
907,64618,0.999285943029862
908,69998,0.9992859272348239
909,76895,0.9992858871122295
910,72244,0.9992858700972722
911,75281,0.9992858700972722
912,68389,0.9992858454449253
913,62191,0.9992858423548937
914,66994,0.999285815076937
915,69401,0.9992857807012531
916,70482,0.9992857405504019
917,68906,0.9992857353639613
918,63667,0.9992857333872788
919,68907,0.999285720803187
920,72812,0.9992856939718624
921,71514,0.9992856649050251
922,73188,0.9992856613120135
923,69144,0.9992856479947749
924,65018,0.999285635210281
925,72245,0.999285594852855
926,72263,0.999285594852855
927,62283,0.9992855844979581
928,69095,0.9992855747091326
929,66356,0.9992855516847842
930,71017,0.9992855022453184
931,70268,0.9992854887487855
932,72814,0.9992854492025968
933,71018,0.9992854425714709
934,71409,0.9992854332829806
935,70037,0.9992854241462279
936,62105,0.9992853537746381
937,63689,0.9992853537746381
938,66516,0.9992853246780037
939,67708,0.9992852928165458
940,64853,0.9992852714455358
941,70182,0.9992852563708566
942,73079,0.9992852537029295
943,66224,0.9992852227050054
944,71930,0.9992852213937963
945,72365,0.9992852002126386
946,69134,0.9992851947844653
947,67040,0.9992851399328668
948,65556,0.9992851035311298
949,74948,0.9992850930703238
950,74585,0.9992850883483458
951,74675,0.9992850883483458
952,67154,0.9992850482420653
953,72140,0.9992850435753343
954,71465,0.9992849772461584
955,71483,0.9992849772461584
956,68910,0.9992849319761965
957,66607,0.9992849261983815
958,61759,0.9992849124440631
959,73711,0.9992848729992472
960,73927,0.9992848729992472
961,64117,0.9992848540714754
962,69132,0.9992848440384252
963,72798,0.9992848142136939
964,75337,0.9992847859953456
965,71467,0.9992847449312152
966,71292,0.9992846883701417
967,75338,0.9992846373578976
968,73875,0.9992845686729734
969,70384,0.9992845346457163
970,72274,0.9992845198557794
971,65937,0.9992845095403616
972,71470,0.9992844358454003
973,75773,0.9992844285733918
974,71754,0.9992844205736167
975,71952,0.9992844205736167
976,72096,0.9992844205736167
977,72394,0.9992843894034452
978,73877,0.9992843654035743
979,65437,0.999284362776024
980,65792,0.9992843401729063
981,74677,0.9992842557456054
982,71364,0.9992842491239068
983,74861,0.9992842247002698
984,67619,0.9992841229455469
985,64350,0.999284117971785
986,63596,0.9992841073239864
987,64904,0.9992840923031007
988,76909,0.9992840608614453
989,67430,0.9992840334552238
990,75934,0.9992840202613983
991,72428,0.9992840099966487
992,74862,0.9992840072081824
993,61925,0.9992839713964939
994,72800,0.9992839558658249
995,62102,0.9992839489987445
996,66563,0.9992839463950093
997,72219,0.9992839406887941
998,75238,0.9992839406887941
999,71953,0.9992839187781821
1000,66562,0.9992838798743504
1001,62247,0.999283849812888
1002,63530,0.9992838260789794
1003,64172,0.9992838229484574
1004,71367,0.9992838195088661
1005,69781,0.999283753331594
1006,75127,0.9992837387663864
1007,70226,0.9992836938625252
1008,76943,0.9992836859906231
1009,72095,0.9992836690699225
1010,67617,0.9992836225527121
1011,67242,0.9992836100996563
1012,75383,0.9992835875522438
1013,62307,0.9992835426877571
1014,69584,0.99928354040666
1015,71390,0.9992835068429413
1016,73163,0.999283502860013
1017,67013,0.9992834968187997
1018,64357,0.9992834231741248
1019,71919,0.9992834171027982
1020,70936,0.9992834108114367
1021,71331,0.9992833797294784
1022,67709,0.9992833779329918
1023,65567,0.9992833721032077
1024,72624,0.9992833415906828
1025,69658,0.999283340857657
1026,65355,0.9992833171509704
1027,61960,0.9992832649065416
1028,67050,0.9992832640116638
1029,75883,0.9992832481634889
1030,68156,0.9992832181564072
1031,74746,0.999283187109445
1032,74612,0.9992831836978058
1033,67228,0.9992831751740854
1034,70974,0.9992831723315719
1035,68302,0.9992831602016214
1036,67715,0.9992831076491389
1037,72239,0.999283092699592
1038,64981,0.9992830627259227
1039,68267,0.9992830607493535
1040,67272,0.9992830576361945
1041,63529,0.9992830188808279
1042,68041,0.999283008566579
1043,65087,0.9992830010587863
1044,67285,0.9992829807159991
1045,64388,0.9992829765887615
1046,66603,0.9992829765887615
1047,72554,0.9992829729620883
1048,74379,0.9992829714379793
1049,70491,0.9992829676121548
1050,64617,0.9992829452129182
1051,74847,0.9992829201713727
1052,66757,0.9992829183095944
1053,69568,0.9992829007845588
1054,69910,0.9992829007845588
1055,70427,0.9992828525626088
1056,71617,0.9992828160237506
1057,70114,0.9992827992604272
1058,73127,0.9992827846928384
1059,74758,0.9992827022817478
1060,64826,0.9992826754730377
1061,67511,0.999282630001429
1062,64188,0.9992826111345225
1063,70428,0.9992825997450403
1064,67194,0.999282579558436
1065,75279,0.9992825659301535
1066,71172,0.9992825092812235
1067,62992,0.9992824754816926
1068,69407,0.9992824743662776
1069,69731,0.9992824743662776
1070,71068,0.999282456887622
1071,73204,0.9992824437286082
1072,75927,0.9992824437286082
1073,67661,0.9992824303952583
1074,72315,0.9992824276853145
1075,67615,0.9992824259343113
1076,63573,0.9992823648236332
1077,72612,0.9992823583167252
1078,70358,0.9992823468369747
1079,66832,0.9992823144727839
1080,74382,0.999282297799066
1081,75299,0.9992822894131381
1082,63232,0.9992822886765067
1083,69355,0.9992822689530838
1084,74759,0.999282266779314
1085,69444,0.9992822610628423
1086,69732,0.9992822610628423
1087,70916,0.9992822373501168
1088,70952,0.9992822373501168
1089,71024,0.9992822373501168
1090,69309,0.9992822075935353
1091,72668,0.9992821124052609
1092,74584,0.9992821100447149
1093,71281,0.999282073661695
1094,70000,0.9992820098041285
1095,63630,0.9992819985227941
1096,62751,0.9992819962415971
1097,72669,0.9992819891820036
1098,72777,0.9992819891820036
1099,72795,0.9992819891820036
1100,69992,0.9992819564393538
1101,70388,0.9992819564393538
1102,74760,0.999281940095826
1103,61725,0.9992819385137441
1104,65452,0.9992819385137441
1105,64434,0.9992819230245624
1106,72025,0.9992819108195327
1107,62250,0.9992818848870587
1108,75837,0.9992818645042547
1109,69571,0.9992818342644283
1110,64385,0.9992817818711857
1111,74654,0.9992817695768721
1112,74403,0.9992816230548739
1113,70389,0.9992816192218601
1114,64667,0.9992815979772132
1115,62818,0.9992815319751845
1116,69428,0.9992815139995523
1117,69950,0.9992815139995523
1118,62644,0.9992815016859222
1119,62753,0.9992814866828903
1120,68887,0.9992814637825217
1121,61956,0.9992814421461721
1122,69593,0.9992814211576796
1123,69719,0.9992814211576796
1124,69737,0.9992814211576796
1125,75314,0.9992814172616428
1126,67077,0.9992814150850937
1127,72813,0.9992814095909957
1128,71955,0.9992814077384157
1129,72027,0.9992814077384157
1130,75153,0.9992814077384157
1131,69038,0.9992813168182998
1132,69039,0.9992813021675153
1133,67913,0.9992812438319797
1134,69666,0.9992812075413801
1135,69790,0.9992811935919574
1136,69952,0.9992811935919574
1137,65839,0.9992811828556777
1138,70938,0.9992811622813219
1139,75154,0.9992811563016635
1140,66610,0.9992811187728818
1141,64436,0.9992810900606255
1142,66341,0.9992810729621876
1143,72301,0.9992810172755647
1144,71159,0.9992809832167158
1145,69431,0.9992809799066148
1146,74819,0.9992809586831582
1147,74891,0.9992809586831582
1148,74858,0.9992809285141884
1149,65779,0.9992809049123595
1150,64280,0.9992809006983089
1151,64585,0.9992808799825359
1152,63973,0.9992808311337182
1153,65957,0.999280823603326
1154,69690,0.999280817589749
1155,69726,0.999280817589749
1156,69142,0.9992808104665986
1157,69540,0.9992807661592363
1158,69594,0.9992807661592363
1159,69738,0.9992807661592363
1160,66446,0.9992807287069266
1161,69131,0.9992806926962349
1162,71466,0.9992806564041121
1163,71741,0.9992806526923246
1164,72101,0.9992806526923246
1165,64782,0.9992806416843648
1166,75236,0.9992806276003123
1167,66812,0.9992806220615561
1168,62107,0.9992805965425952
1169,66807,0.9992805658709524
1170,63923,0.999280558576892
1171,69955,0.9992805523483616
1172,64336,0.9992805022390797
1173,68753,0.9992804983444533
1174,61787,0.9992804962254812
1175,71464,0.9992804797160365
1176,71291,0.9992804504934255
1177,71433,0.999280423159243
1178,68684,0.9992804111857886
1179,69800,0.9992803899335971
1180,68424,0.9992803713918559
1181,68573,0.9992803691460233
1182,69214,0.9992803662607185
1183,63069,0.9992803472214941
1184,74586,0.9992803258211072
1185,61957,0.999280301107238
1186,64940,0.9992803005971904
1187,67555,0.9992802662326273
1188,75203,0.9992802116645729
1189,69219,0.999280170791742
1190,63632,0.9992801676988834
1191,63479,0.9992801488591024
1192,72001,0.999280147403348
1193,65781,0.9992800947863948
1194,65989,0.9992800484823198
1195,71242,0.9992800098449184
1196,62950,0.9992800029143736
1197,68056,0.9992799973645211
1198,65931,0.9992799881565299
1199,66459,0.9992799725866419
1200,75774,0.9992799650187736
1201,69693,0.9992799620247753
1202,67003,0.9992799342504782
1203,66903,0.9992798964483771
1204,71851,0.9992798963794566
1205,72031,0.9992798963794566
1206,65341,0.9992798042474311
1207,63718,0.9992797939045279
1208,64300,0.999279774232211
1209,74733,0.9992797707512128
1210,70947,0.99927972666842
1211,71379,0.9992797019074146
1212,62952,0.9992796577422352
1213,75775,0.9992796543423205
1214,71780,0.999279643941538
1215,68403,0.9992796243518028
1216,70930,0.9992796068258534
1217,66601,0.9992796003820842
1218,62108,0.9992795896458525
1219,64399,0.9992795836750149
1220,66901,0.9992795608240064
1221,74752,0.9992795519067499
1222,71380,0.9992795460557078
1223,72077,0.9992794962245211
1224,68755,0.9992794910480506
1225,71388,0.9992794889516762
1226,70949,0.9992794869626412
1227,64869,0.9992794636679591
1228,75776,0.9992794217206692
1229,72623,0.9992794142323195
1230,72749,0.9992794142323195
1231,66482,0.9992793793140398
1232,74610,0.9992793677935133
1233,75903,0.9992793440062783
1234,62557,0.9992792945353081
1235,64890,0.9992792164611636
1236,64767,0.9992792072198843
1237,65301,0.9992792029556063
1238,67952,0.9992791851839595
1239,74336,0.9992791455287997
1240,71799,0.9992791392734303
1241,63720,0.9992791127041007
1242,69426,0.9992791049682056
1243,68051,0.9992790962500397
1244,66599,0.9992790745111071
1245,64092,0.999279038936474
1246,70385,0.9992790339565698
1247,75833,0.9992790330606264
1248,62492,0.9992789703904371
1249,68404,0.9992789481436691
1250,70134,0.9992788642072543
1251,65562,0.9992788631661963
1252,67049,0.9992788631661963
1253,64170,0.9992788590862838
1254,66448,0.9992788507881336
1255,67781,0.9992788505207871
1256,62187,0.9992788427697501
1257,71951,0.9992787740442707
1258,71782,0.9992787604207369
1259,62754,0.999278756383571
1260,75925,0.9992787224571195
1261,68751,0.9992786856903494
1262,72627,0.9992786727465662
1263,62918,0.9992786527441312
1264,71891,0.9992786342505698
1265,63543,0.9992786323063514
1266,68568,0.9992785888003242
1267,66515,0.9992785579118355
1268,66684,0.9992785503063374
1269,70489,0.9992785382574341
1270,70225,0.9992785255400347
1271,64901,0.999278497323389
1272,61806,0.9992784890010981
1273,65620,0.9992784665962597
1274,65861,0.9992784442934362
1275,67510,0.9992784362470911
1276,71802,0.9992783813705215
1277,71892,0.9992783813705215
1278,71946,0.9992783813705215
1279,63239,0.9992783532030709
1280,65143,0.9992783391187827
1281,63072,0.9992783178744158
1282,62675,0.999278311424355
1283,67249,0.9992782899832326
1284,66087,0.9992782555816299
1285,72225,0.9992782476136933
1286,69537,0.9992782473658651
1287,69819,0.9992782155564512
1288,65286,0.9992782055220093
1289,71857,0.9992781288770505
1290,75091,0.9992781288770505
1291,63717,0.99927812562265
1292,72262,0.9992781085366225
1293,62756,0.9992780978331869
1294,69354,0.999278093179394
1295,63416,0.9992780645709813
1296,66410,0.9992780436367392
1297,69383,0.9992780181696997
1298,65780,0.999278009163921
1299,64282,0.9992779925235201
1300,67916,0.9992778420236
1301,61863,0.9992777919397088
1302,64408,0.9992777869880879
1303,64175,0.999277768610135
1304,64356,0.9992777640590315
1305,68648,0.99927773133993
1306,70184,0.9992776909066481
1307,62960,0.9992776829751524
1308,65017,0.9992776715912605
1309,74959,0.9992776474663052
1310,75129,0.9992776231468351
1311,63212,0.9992776083979165
1312,65580,0.9992775786864634
1313,67870,0.9992775210017799
1314,67193,0.9992775142825869
1315,65262,0.9992774548978592
1316,65712,0.9992774466082324
1317,62616,0.9992774391200882
1318,65595,0.9992773801639978
1319,71752,0.9992773699111438
1320,70203,0.999277351687365
1321,70383,0.999277351687365
1322,70401,0.999277351687365
1323,65342,0.9992772930530176
1324,64191,0.999277288626281
1325,62425,0.9992772857226906
1326,67621,0.9992772654896812
1327,70266,0.9992772538814575
1328,69106,0.9992772044315655
1329,70186,0.9992771820180307
1330,69777,0.9992771792595894
1331,69849,0.9992771792595894
1332,63410,0.9992771562914778
1333,69073,0.9992771378858313
1334,65344,0.9992770653470748
1335,64505,0.9992769838317651
1336,67142,0.9992769763199493
1337,62013,0.9992769662827958
1338,66915,0.9992769648107326
1339,67201,0.999276939386041
1340,69463,0.9992769267097613
1341,65778,0.9992769125795954
1342,75787,0.9992768622982904
1343,75931,0.9992768622982904
1344,63311,0.9992768550158441
1345,67241,0.9992768420400895
1346,66806,0.99927682054325
1347,62622,0.9992767388654191
1348,67871,0.9992767319350581
1349,67620,0.9992767290575493
1350,72215,0.9992767158196934
1351,64669,0.9992767089948947
1352,70342,0.9992766595476551
1353,68852,0.999276601707368
